Stock A,Stock B,Correlation,AbsCorrelation
DABUR.NS,VEDL.NS,-0.9817369307401766,0.9817369307401766
COALINDIA.NS,TECHM.NS,-0.9742898066990837,0.9742898066990837
TVSMOTOR.NS,MOTHERSON.NS,-0.9742063396620582,0.9742063396620582
ASIANPAINT.NS,DABUR.NS,-0.9709802186057872,0.9709802186057872
INFY.NS,ASIANPAINT.NS,-0.9700979391712623,0.9700979391712623
ASIANPAINT.NS,M&M.NS,-0.9700954063902499,0.9700954063902499
SUNPHARMA.NS,ASIANPAINT.NS,-0.9684412443905661,0.9684412443905661
DABUR.NS,ADANIGREEN.NS,-0.9673595955934553,0.9673595955934553
HINDUNILVR.NS,ICICIPRULI.NS,-0.9642575162486201,0.9642575162486201
ICICIPRULI.NS,TVSMOTOR.NS,-0.9640063999394188,0.9640063999394188
INDUSINDBK.NS,ITC.NS,-0.9623551340506473,0.9623551340506473
SBILIFE.NS,M&M.NS,-0.9609421240246159,0.9609421240246159
TECHM.NS,TATAMOTORS.NS,-0.9603974172820929,0.9603974172820929
TECHM.NS,IOC.NS,-0.9597961050455569,0.9597961050455569
HDFCLIFE.NS,ASIANPAINT.NS,-0.959121238169557,0.959121238169557
ASIANPAINT.NS,BEL.NS,-0.958808536194839,0.958808536194839
INDIGO.NS,TATAMOTORS.NS,-0.9587166273718137,0.9587166273718137
DIVISLAB.NS,ADANIGREEN.NS,-0.9585334447509798,0.9585334447509798
ICICIPRULI.NS,TORNTPHARM.NS,-0.9585277907235568,0.9585277907235568
TATAMOTORS.NS,DIVISLAB.NS,-0.9584478102272782,0.9584478102272782
