Stock A,Stock B,Correlation,AbsCorrelation
ADANIENT.NS,ADANIGREEN.NS,0.953629602772641,0.953629602772641
TATAMOTORS.NS,IOC.NS,0.9523611777868745,0.9523611777868745
PFC.NS,RECLTD.NS,0.9515983860416929,0.9515983860416929
ASIANPAINT.NS,TATAMOTORS.NS,0.9496810726060204,0.9496810726060204
BHARTIARTL.NS,DIVISLAB.NS,0.9481344724560952,0.9481344724560952
UNITDSPR.NS,TORNTPHARM.NS,0.9480865607992146,0.9480865607992146
TECHM.NS,DIVISLAB.NS,0.9473184365610736,0.9473184365610736
ADANIENT.NS,ADANIENSOL.NS,0.9445930392308415,0.9445930392308415
INDUSINDBK.NS,ADANIGREEN.NS,0.9445088251443791,0.9445088251443791
NAUKRI.NS,UNITDSPR.NS,0.9442817466749056,0.9442817466749056
PNB.NS,CANBK.NS,0.9441944546529861,0.9441944546529861
COALINDIA.NS,ADANIPORTS.NS,0.9431582333483006,0.9431582333483006
NHPC.NS,BHEL.NS,0.942714462706298,0.942714462706298
ADANIENSOL.NS,ADANIGREEN.NS,0.9419658449657141,0.9419658449657141
ADANIGREEN.NS,IOC.NS,0.9396629525742832,0.9396629525742832
NAUKRI.NS,TECHM.NS,0.9388642214770934,0.9388642214770934
TATAMOTORS.NS,ADANIGREEN.NS,0.938487755237166,0.938487755237166
ITC.NS,ICICIPRULI.NS,0.9345391070296749,0.9345391070296749
NAUKRI.NS,DIVISLAB.NS,0.9334558137170559,0.9334558137170559
ZOMATO.NS,NAUKRI.NS,0.9327552350443669,0.9327552350443669
