Stock A,Stock B,Correlation,AbsCorrelation
ADANIENT.NS,ADANIGREEN.NS,0.9536371940008224,0.9536371940008224
PFC.NS,RECLTD.NS,0.9533049611158488,0.9533049611158488
DIVISLAB.NS,TECHM.NS,0.9514523745305146,0.9514523745305146
BHARTIARTL.NS,DIVISLAB.NS,0.9506887936140707,0.9506887936140707
ADANIGREEN.NS,INDUSINDBK.NS,0.9477687997380555,0.9477687997380555
IOC.NS,TATAMOTORS.NS,0.9456205028670391,0.9456205028670391
ASIANPAINT.NS,TATAMOTORS.NS,0.9449377805296726,0.9449377805296726
ADANIENSOL.NS,ADANIENT.NS,0.9446145419765481,0.9446145419765481
INFY.NS,TECHM.NS,0.9439855492020404,0.9439855492020404
ADANIENSOL.NS,ADANIGREEN.NS,0.942047245469172,0.942047245469172
BHEL.NS,NHPC.NS,0.9414218821140036,0.9414218821140036
ICICIPRULI.NS,ITC.NS,0.9406213638305321,0.9406213638305321
NAUKRI.NS,TECHM.NS,0.9392411667714935,0.9392411667714935
BAJAJHLDNG.NS,TECHM.NS,0.9375938387600774,0.9375938387600774
HCLTECH.NS,TECHM.NS,0.9369101820620922,0.9369101820620922
ADANIGREEN.NS,TATAMOTORS.NS,0.9363630039345054,0.9363630039345054
BRITANNIA.NS,HINDUNILVR.NS,0.9347901763103296,0.9347901763103296
INFY.NS,LTIM.NS,0.9347844288296295,0.9347844288296295
DIVISLAB.NS,NAUKRI.NS,0.934470815079109,0.934470815079109
ICICIBANK.NS,NAUKRI.NS,0.9343961854287223,0.9343961854287223
