Stock A,Stock B,Correlation,AbsCorrelation
ADANIENT.NS,ADANIGREEN.NS,0.953629602772641,0.953629602772641
TATAMOTORS.NS,IOC.NS,0.9523611777868743,0.9523611777868743
PFC.NS,RECLTD.NS,0.9515983860416927,0.9515983860416927
ASIANPAINT.NS,TATAMOTORS.NS,0.9496810726060204,0.9496810726060204
BHARTIARTL.NS,DIVISLAB.NS,0.9481344724560953,0.9481344724560953
UNITDSPR.NS,TORNTPHARM.NS,0.9480865607992148,0.9480865607992148
TECHM.NS,DIVISLAB.NS,0.9473184365610736,0.9473184365610736
ADANIENT.NS,ADANIENSOL.NS,0.9445930392308417,0.9445930392308417
INDUSINDBK.NS,ADANIGREEN.NS,0.9445088251443788,0.9445088251443788
NAUKRI.NS,UNITDSPR.NS,0.9442817466749058,0.9442817466749058
PNB.NS,CANBK.NS,0.9441944546529861,0.9441944546529861
COALINDIA.NS,ADANIPORTS.NS,0.9431582333483007,0.9431582333483007
NHPC.NS,BHEL.NS,0.9427144627062981,0.9427144627062981
ADANIENSOL.NS,ADANIGREEN.NS,0.9419658449657144,0.9419658449657144
ADANIGREEN.NS,IOC.NS,0.9396629525742831,0.9396629525742831
NAUKRI.NS,TECHM.NS,0.9388642214770933,0.9388642214770933
TATAMOTORS.NS,ADANIGREEN.NS,0.938487755237166,0.938487755237166
ITC.NS,ICICIPRULI.NS,0.9345391070296748,0.9345391070296748
NAUKRI.NS,DIVISLAB.NS,0.933455813717056,0.933455813717056
ZOMATO.NS,NAUKRI.NS,0.9327552350443671,0.9327552350443671
